{"tma": [[0.00927714355775672, 0.009642908100710081, 0.009812658949019702, 0.010010348914447156, 0.010103836186334664, 0.010130538210904986, 0.010134174596405626, 0.0099209595644458, 0.009875827044915162, 0.010134464716630414, 0.010111423035068377, 0.010765573077358901, 0.010989823549453794, 0.010575312477651044, 0.010892305444851879, 0.010129659613879457, 0.008514413784276056], [0.0053010595995218075, 0.005502923545146237, 0.006070376729575739, 0.006244318974998497, 0.006612651019407643, 0.006646956231124858, 0.007216441449881469, 0.007575020985954056, 0.007808646977817552, 0.007831134665574023, 0.007806814671082546, 0.00813586303532569, 0.007793542712146096, 0.007748582536540705, 0.007456351187704758, 0.00728431033445983, 0.005804415245651472], [0.008219630219261743, 0.008436220600282079, 0.00843592597727448, 0.008528073089740313, 0.008607572680265383, 0.0087206560669888, 0.00858342433100898, 0.008973732619777606, 0.00892235281894518, 0.009147690077404697, 0.009236914057405374, 0.008837039642955322, 0.008813476560253785, 0.00870946132030485, 0.00862913078804282, 0.007313124430715249, 0.00700704699771245], [0.00912035632132055, 0.009363180479598804, 0.009586255814009077, 0.010016022719564671, 0.010046446442935786, 0.010056673886044552, 0.010254018784893834, 0.010276470754671363, 0.010338215784487063, 0.010210705940209279, 0.010575223460985161, 0.010165084547952917, 0.010500028999469238, 0.010696609369999194, 0.01055642318317157, 0.009480579318269351, 0.00912146915567432], [0.009894281285400944, 0.010039049804047358, 0.010069083053108253, 0.010063453961331334, 0.01016954574924632, 0.010228524383141563, 0.010526884672411044, 0.010371360224843529, 0.010543474784497714, 0.010553890431839873, 0.010591067269623035, 0.011078707063443917, 0.010602839584784945, 0.01074692405588415, 0.010832772994421612, 0.010768700112514913, 0.009759748398051417]], "dta": [[0.008976270837965341, 0.010779614497394247, 0.010954559011391186, 0.010877076565591452, 0.011285050610601356, 0.011039175191108915, 0.011547085888592403, 0.011229267424476063, 0.011492173440109343, 0.011169622826093361, 0.011263312180928537, 0.011159935284061399, 0.010963368338392402, 0.010328768893711694, 0.009986510036259968, 0.009435108003869482, 0.008514413784276056], [0.005424905332725535, 0.00596105773806186, 0.006163230472507768, 0.006055221206194575, 0.006750238821795325, 0.006658611140595662, 0.006695376069113572, 0.0071760435855345965, 0.007215853140025711, 0.007463141973015012, 0.00769049637512147, 0.008094431301904428, 0.00801328064696195, 0.007748582536540705, 0.00730858035836008, 0.00728431033445983, 0.005804415245651472], [0.007437955481599683, 0.008274270973460496, 0.008423796598961954, 0.008432000391456296, 0.008488062143714087, 0.008392285062525259, 0.008456262501375145, 0.008493948908178322, 0.008400515478486758, 0.008429064401667952, 0.00886262721248256, 0.008483136839461784, 0.008440023408449224, 0.008613246280457485, 0.00862913078804282, 0.007313124430715249, 0.00700704699771245], [0.008769437562003386, 0.009260405370172337, 0.009793118180044885, 0.009871447918774243, 0.009924214473396906, 0.009826153062285119, 0.010273211136920285, 0.010048350755989172, 0.010039792050290909, 0.009686987259486385, 0.010659497195041293, 0.010509705422844975, 0.010249010706295358, 0.010424873045163534, 0.010227746339569618, 0.010066733778267833, 0.00912146915567432], [0.010186637958583135, 0.010484253765477396, 0.010992697319142077, 0.01094633066165649, 0.011094242669505906, 0.011126845651419928, 0.01132790859469382, 0.01087375388149131, 0.010882587036925566, 0.010802433850041225, 0.010763345869356136, 0.011037020291778991, 0.010363509660117273, 0.010826198298971926, 0.01139364197976702, 0.010809495428255052, 0.009759748398051417]], "lai": [], "glai": [], "trans": [[0.010188488717800485, 0.01030655138297146, 0.010489149365989384, 0.010509365002140104, 0.010558949265228896, 0.01080858397989765, 0.010832590795257026, 0.010837429254015925, 0.01099882010725103, 0.010995305535084415, 0.010986517764681531, 0.010819091277740455, 0.010578958857890574, 0.010017376459079633, 0.009776135289709182, 0.009429710997533546, 0.008514413784276056], [0.004796695937119958, 0.005335115197484291, 0.005377334708997081, 0.005403062948493232, 0.005487549419316805, 0.0056178470048583, 0.006334407081955474, 0.006479435841369202, 0.00648798184662264, 0.006491897062261592, 0.0064642402923801474, 0.006508052037132422, 0.007327935585541508, 0.007899892575287504, 0.007860314191521073, 0.007274390008888024, 0.005760027509628684], [0.007752419754641901, 0.007880793440999762, 0.007898374590362158, 0.007898374590362158, 0.008432550535195656, 0.00861738505112011, 0.008792137325540034, 0.00869612459907736, 0.008703326697215418, 0.008642484391999706, 0.008490151701729332, 0.008602608211235412, 0.008685219670709596, 0.0095042690650191, 0.00959639257880959, 0.00714029758011649, 0.00700704699771245], [0.00930349026561475, 0.010096604941709157, 0.010139027670734421, 0.010146433441580227, 0.010146433441580227, 0.010139253186944516, 0.01018093690508625, 0.009974806683404287, 0.010667387766339076, 0.010597832939774135, 0.010840186655790847, 0.010712930520724098, 0.010748351507557596, 0.010585265260447826, 0.010262343237225094, 0.010066733778267833, 0.00912146915567432], [0.009450109648263247, 0.010024078405519304, 0.010108598534499087, 0.010116110676378236, 0.010584123148025301, 0.010584123148025301, 0.010660424846652305, 0.011122517535001597, 0.011287892352587127, 0.011287892352587127, 0.011219638493582929, 0.011167324268480744, 0.01130662543458575, 0.01140422042566424, 0.011299099110773793, 0.010782892713961836, 0.009759748398051417]], "urf_ed": [], "urf_kl": [], "urf_chisq": [], "urf_int": []}
