{"tma": [[258.33100808288947, 537.5393961381715, 582.6539913512421, 610.3293444439457, 629.4769859980653, 383.82580094073364], [378.9117518661733, 367.6676091910274, 420.5095610794424, 472.5579393752208, 446.201381699953, 451.27030575991273], [141.13002308606133, 162.5790663364669, 213.86950295159085, 315.9895950149999, 442.15832089514566, 547.4825980117664], [414.1500068371749, 500.182934348663, 550.4754505521748, 539.8582677455428, 509.0740735549756, 368.09500655131126], [-146.95037363377992, -7.743475880034737, 113.91990474930697, 121.38344138262198, 370.00724323031807, 294.8374371624011]], "dta": [[258.33100808288947, 537.5393961381715, 582.6539913512421, 610.3293444439457, 629.4769859980653, 383.82580094073364], [378.9117518661733, 367.6676091910274, 420.5095610794424, 472.5579393752208, 452.533541217412, 451.27030575991273], [141.13002308606133, 162.5790663364669, 213.86950295159085, 315.9895950149999, 442.15832089514566, 547.4825980117664], [414.1500068371749, 500.182934348663, 550.4754505521748, 539.8582677455428, 509.0740735549756, 368.09500655131126], [-146.95037363377992, -7.743475880034737, 113.91990474930697, 121.38344138262198, 370.00724323031807, 294.8374371624011]], "urf_ed": [], "urf_kl": [], "urf_chisq": [], "urf_int": []}
