{"tma": [[0.009259413061302822, 0.009652897329231334, 0.009812658949019702, 0.010010348914447156, 0.010103836186334664, 0.010130538210904986, 0.010129526424907994, 0.00990773132268476, 0.009875827044915162, 0.010127001339921015, 0.010111423035068377, 0.010754552065181836, 0.011020428128245, 0.010575312477651044, 0.010892305444851879, 0.010129659613879457, 0.008514413784276056], [0.0053010595995218075, 0.005502923545146237, 0.00606620404980299, 0.006244318974998497, 0.006612651019407643, 0.006646956231124858, 0.007234164090554929, 0.007575020985954056, 0.007808646977817552, 0.007844057896810683, 0.007802197709209643, 0.00813586303532569, 0.007793542712146096, 0.007748582536540705, 0.007456351187704758, 0.00728431033445983, 0.005804415245651472], [0.008219630219261743, 0.008431085043325324, 0.00843592597727448, 0.008528073089740313, 0.008607572680265383, 0.0087206560669888, 0.00858342433100898, 0.008973732619777606, 0.00892235281894518, 0.009147690077404697, 0.009236914057405374, 0.008837039642955322, 0.008813476560253785, 0.00870946132030485, 0.00862913078804282, 0.007313124430715249, 0.00700704699771245], [0.009155408002365709, 0.009363180479598804, 0.009586255814009077, 0.00999830792771348, 0.010064718774202758, 0.010068117066404647, 0.010197890723085377, 0.01024032379536157, 0.010012688308242812, 0.010563345843984967, 0.010618921734087655, 0.010891647545831135, 0.010079889210794508, 0.010253005630998076, 0.01005146660318311, 0.009835289390202388, 0.00912146915567432], [0.009876819120092445, 0.010039049804047358, 0.010056325860550178, 0.010063453961331334, 0.010175109745351178, 0.010241334621284279, 0.010495621330405387, 0.01038921045598612, 0.010524956265979192, 0.010553890431839873, 0.010591067269623035, 0.011078707063443917, 0.010602839584784945, 0.01074692405588415, 0.010832772994421612, 0.010768700112514913, 0.009759748398051417]], "dta": [[0.009650586960593514, 0.009747267664578747, 0.009940914551839198, 0.009913542920160005, 0.009853085239520363, 0.009962378878586576, 0.009899506863062815, 0.010070210367943474, 0.010856374351359586, 0.010593944329202704, 0.010540626853266729, 0.01035226213286872, 0.010211107600428971, 0.010486074269023513, 0.010139733600201917, 0.010061473219986388, 0.008514413784276056], [0.005339538876217336, 0.00535014831315031, 0.005412315854279402, 0.005956560053898961, 0.006620771605256856, 0.006885867048424043, 0.007044470333481347, 0.007200293476514432, 0.007213983032419182, 0.00724233456835896, 0.007299779693429157, 0.007301933558940547, 0.0073207682160937905, 0.007273143497198629, 0.0073322739152480755, 0.007011359236866514, 0.005760027509628684], [0.008345976431121557, 0.008374534307441176, 0.008436447536874715, 0.008522974686857369, 0.008469768689534675, 0.00868717765325697, 0.00839172573063431, 0.00898989265044792, 0.009092083683956618, 0.009824065421125582, 0.009448799585961457, 0.010154508097085378, 0.010072413812439434, 0.009819903078357606, 0.008618673607695092, 0.006777639581032932, 0.006404429986325486], [0.009246535328447623, 0.009484095407039317, 0.009687448894207085, 0.00971849076611387, 0.009734902017189108, 0.009880682161836421, 0.010042647398392349, 0.010067551889932719, 0.010204616022667867, 0.010852309767280369, 0.010581853268487859, 0.010531100808350603, 0.010569991269318624, 0.010696609369999194, 0.01055642318317157, 0.009480579318269351, 0.00912146915567432], [0.009946097015793812, 0.010137019731563432, 0.010188388880208551, 0.010292496985051573, 0.010329355693638582, 0.010477899644067715, 0.010858478803107183, 0.010996673951526204, 0.011048654565785215, 0.011051768714449225, 0.011038365002706815, 0.011020488909105654, 0.010990068910875408, 0.010696302102806289, 0.011022423007326275, 0.010444720988562611, 0.009759748398051417]], "lai": [], "glai": [], "trans": [[0.010188488717800485, 0.01030655138297146, 0.010489149365989384, 0.010510256575847626, 0.010622610752018088, 0.010832590795257026, 0.010832590795257026, 0.010837429254015925, 0.01099882010725103, 0.010995305535084415, 0.010986517764681531, 0.010819091277740455, 0.010578958857890574, 0.010017376459079633, 0.009776135289709182, 0.009429710997533546, 0.008514413784276056], [0.004788651369534023, 0.005335115197484291, 0.005377334708997081, 0.005403062948493232, 0.00549228677490186, 0.0056178470048583, 0.0063165944706266505, 0.006479435841369202, 0.00648798184662264, 0.006496454582752258, 0.00647211527228472, 0.006512727084002006, 0.007332780016315082, 0.007899892575287504, 0.00787810145583982, 0.007274390008888024, 0.005760027509628684], [0.007752419754641901, 0.007880793440999762, 0.007898374590362158, 0.007898374590362158, 0.008432550535195656, 0.00861738505112011, 0.008797510569783607, 0.008673599615801931, 0.00870810893109977, 0.00863767553931347, 0.008498245535530274, 0.008597460970085756, 0.008685219670709596, 0.0095042690650191, 0.00959639257880959, 0.00714029758011649, 0.00700704699771245], [0.00930349026561475, 0.010091481018909339, 0.010139027670734421, 0.010146433441580227, 0.010146433441580227, 0.010139253186944516, 0.01016405023398858, 0.010012850692837132, 0.010667387766339076, 0.010597832939774135, 0.010880295546978606, 0.010712930520724098, 0.010673093686036798, 0.010248341652982183, 0.009990135999839347, 0.009343060909827464, 0.00912146915567432], [0.009450109648263247, 0.010024078405519304, 0.010108598534499087, 0.010116110676378236, 0.010584123148025301, 0.010584123148025301, 0.010660424846652305, 0.011122517535001597, 0.011287892352587127, 0.011287892352587127, 0.011219638493582929, 0.011167324268480744, 0.01130662543458575, 0.01140422042566424, 0.011299099110773793, 0.010782892713961836, 0.009759748398051417]], "urf_ed": [], "urf_kl": [], "urf_chisq": [], "urf_int": []}
